team,name,url
ATL,De'Andre Hunter,https://www.scoresandodds.com/prop-bets/1115296/de-andre-hunter
ATL,Seth Lundy,https://www.scoresandodds.com/prop-bets/4878162/seth-lundy
ATL,Trent Forrest,https://www.scoresandodds.com/prop-bets/2439536/trent-forrest
ATL,Trae Young,https://www.scoresandodds.com/prop-bets/409063/trae-young
ATL,Dejounte Murray,https://www.scoresandodds.com/prop-bets/35209/dejounte-murray
ATL,Kobe Bufkin,https://www.scoresandodds.com/prop-bets/4878161/kobe-bufkin
ATL,Patty Mills,https://www.scoresandodds.com/prop-bets/13977/patty-mills
ATL,Onyeka Okongwu,https://www.scoresandodds.com/prop-bets/2439277/onyeka-okongwu
ATL,Bruno Fernando,https://www.scoresandodds.com/prop-bets/1115294/bruno-fernando
ATL,Clint Capela,https://www.scoresandodds.com/prop-bets/18610/clint-capela
ATL,Mouhamed Gueye,https://www.scoresandodds.com/prop-bets/4878163/mouhamed-gueye
ATL,Bogdan Bogdanovic,https://www.scoresandodds.com/prop-bets/37899/bogdan-bogdanovic
ATL,Wesley Matthews,https://www.scoresandodds.com/prop-bets/1339/wesley-matthews
ATL,Vit Krejci,https://www.scoresandodds.com/prop-bets/2439347/vit-krejci
ATL,AJ Griffin,https://www.scoresandodds.com/prop-bets/3587833/aj-griffin
ATL,Garrison Mathews,https://www.scoresandodds.com/prop-bets/1171185/garrison-mathews
ATL,Jalen Johnson,https://www.scoresandodds.com/prop-bets/3005263/jalen-johnson
ATL,Saddiq Bey,https://www.scoresandodds.com/prop-bets/2439113/saddiq-bey
BKN,Dariq Whitehead,https://www.scoresandodds.com/prop-bets/4878199/dariq-whitehead
BKN,Dorian Finney-Smith,https://www.scoresandodds.com/prop-bets/36032/dorian-finney-smith
BKN,Royce O'Neale,https://www.scoresandodds.com/prop-bets/37872/royce-o-neale
BKN,Keon Johnson,https://www.scoresandodds.com/prop-bets/3005555/keon-johnson
BKN,Spencer Dinwiddie,https://www.scoresandodds.com/prop-bets/18588/spencer-dinwiddie
BKN,Dennis Smith,https://www.scoresandodds.com/prop-bets/37847/dennis-smith-jr-
BKN,Nic Claxton,https://www.scoresandodds.com/prop-bets/1115132/nic-claxton
BKN,Day'Ron Sharpe,https://www.scoresandodds.com/prop-bets/3005094/day-ron-sharpe
BKN,Ben Simmons,https://www.scoresandodds.com/prop-bets/35184/ben-simmons
BKN,Noah Clowney,https://www.scoresandodds.com/prop-bets/4878197/noah-clowney
BKN,Lonnie Walker,https://www.scoresandodds.com/prop-bets/409137/lonnie-walker-iv
BKN,Cam Thomas,https://www.scoresandodds.com/prop-bets/3005097/cam-thomas
BKN,Jalen Wilson,https://www.scoresandodds.com/prop-bets/4878198/jalen-wilson
BKN,Cameron Johnson,https://www.scoresandodds.com/prop-bets/1115625/cameron-johnson
BKN,Harry Giles,https://www.scoresandodds.com/prop-bets/37897/harry-giles-iii
BKN,Trendon Watford,https://www.scoresandodds.com/prop-bets/3022632/trendon-watford
BKN,Mikal Bridges,https://www.scoresandodds.com/prop-bets/408842/mikal-bridges
BOS,Jordan Walsh,https://www.scoresandodds.com/prop-bets/4878181/jordan-walsh
BOS,Payton Pritchard,https://www.scoresandodds.com/prop-bets/2439093/payton-pritchard
BOS,Derrick White,https://www.scoresandodds.com/prop-bets/37858/derrick-white
BOS,Jrue Holiday,https://www.scoresandodds.com/prop-bets/1073/jrue-holiday
BOS,Svi Mykhailiuk,https://www.scoresandodds.com/prop-bets/409280/svi-mykhailiuk
BOS,Neemias Queta,https://www.scoresandodds.com/prop-bets/3005606/neemias-queta
BOS,JD Davison,https://www.scoresandodds.com/prop-bets/3587643/jd-davison
BOS,Kristaps Porzingis,https://www.scoresandodds.com/prop-bets/18899/kristaps-porzingis
BOS,Al Horford,https://www.scoresandodds.com/prop-bets/1499/al-horford
BOS,Luke Kornet,https://www.scoresandodds.com/prop-bets/37800/luke-kornet
BOS,Jaylen Brown,https://www.scoresandodds.com/prop-bets/35181/jaylen-brown
BOS,Dalano Banton,https://www.scoresandodds.com/prop-bets/3005155/dalano-banton
BOS,Oshae Brissett,https://www.scoresandodds.com/prop-bets/1311751/oshae-brissett
BOS,Drew Peterson,https://www.scoresandodds.com/prop-bets/5321564/drew-peterson
BOS,Sam Hauser,https://www.scoresandodds.com/prop-bets/3022247/sam-hauser
BOS,Jayson Tatum,https://www.scoresandodds.com/prop-bets/37782/jayson-tatum
BOS,Lamar Stevens,https://www.scoresandodds.com/prop-bets/2439209/lamar-stevens
CHA,Leaky Black,https://www.scoresandodds.com/prop-bets/4991246/leaky-black
CHA,Nick Smith,https://www.scoresandodds.com/prop-bets/4878217/nick-smith
CHA,LaMelo Ball,https://www.scoresandodds.com/prop-bets/2439295/lamelo-ball
CHA,Amari Bailey,https://www.scoresandodds.com/prop-bets/4878219/amari-bailey
CHA,Kyle Lowry,https://www.scoresandodds.com/prop-bets/1057/kyle-lowry
CHA,Nick Richards,https://www.scoresandodds.com/prop-bets/2439422/nick-richards
CHA,Nathan Mensah,https://www.scoresandodds.com/prop-bets/5321326/nathan-mensah
CHA,Mark Williams,https://www.scoresandodds.com/prop-bets/3587853/mark-williams
CHA,Frank Ntilikina,https://www.scoresandodds.com/prop-bets/37796/frank-ntilikina
CHA,Ish Smith,https://www.scoresandodds.com/prop-bets/13958/ish-smith
CHA,James Bouknight,https://www.scoresandodds.com/prop-bets/3005282/james-bouknight
CHA,Bryce McGowens,https://www.scoresandodds.com/prop-bets/3587852/bryce-mcgowens
CHA,Cody Martin,https://www.scoresandodds.com/prop-bets/1115315/cody-martin
CHA,Gordon Hayward,https://www.scoresandodds.com/prop-bets/1239/gordon-hayward
CHA,JT Thor,https://www.scoresandodds.com/prop-bets/3005281/jt-thor
CHA,Miles Bridges,https://www.scoresandodds.com/prop-bets/409262/miles-bridges
CHA,Brandon Miller,https://www.scoresandodds.com/prop-bets/4878218/brandon-miller
CHA,PJ Washington,https://www.scoresandodds.com/prop-bets/1115314/pj-washington
CHI,Dalen Terry,https://www.scoresandodds.com/prop-bets/3587732/dalen-terry
CHI,Onuralp Bitim,https://www.scoresandodds.com/prop-bets/5009655/onuralp-bitim
CHI,Patrick Williams,https://www.scoresandodds.com/prop-bets/2439190/patrick-williams
CHI,Julian Phillips,https://www.scoresandodds.com/prop-bets/4878238/julian-phillips
CHI,Torrey Craig,https://www.scoresandodds.com/prop-bets/37861/torrey-craig
CHI,Coby White,https://www.scoresandodds.com/prop-bets/1115205/coby-white
CHI,Jevon Carter,https://www.scoresandodds.com/prop-bets/409100/jevon-carter
CHI,Andre Drummond,https://www.scoresandodds.com/prop-bets/13904/andre-drummond
CHI,Adama Sanogo,https://www.scoresandodds.com/prop-bets/4878237/adama-sanogo
CHI,Alex Caruso,https://www.scoresandodds.com/prop-bets/37888/alex-caruso
CHI,Lonzo Ball,https://www.scoresandodds.com/prop-bets/37885/lonzo-ball
CHI,Ayo Dosunmu,https://www.scoresandodds.com/prop-bets/3005172/ayo-dosunmu
CHI,Nikola Vucevic,https://www.scoresandodds.com/prop-bets/13296/nikola-vucevic
CHI,Zach LaVine,https://www.scoresandodds.com/prop-bets/18622/zach-lavine
CHI,DeMar DeRozan,https://www.scoresandodds.com/prop-bets/1053/demar-derozan
CHI,Henri Drell,https://www.scoresandodds.com/prop-bets/5240367/henri-drell
CHI,Terry Taylor,https://www.scoresandodds.com/prop-bets/3015596/terry-taylor
CLE,Isaac Okoro,https://www.scoresandodds.com/prop-bets/2439210/isaac-okoro
CLE,Craig Porter,https://www.scoresandodds.com/prop-bets/4934240/craig-porter
CLE,Darius Garland,https://www.scoresandodds.com/prop-bets/1115224/darius-garland
CLE,Sam Merrill,https://www.scoresandodds.com/prop-bets/2439420/sam-merrill
CLE,Donovan Mitchell,https://www.scoresandodds.com/prop-bets/37875/donovan-mitchell
CLE,Damian Jones,https://www.scoresandodds.com/prop-bets/35223/damian-jones
CLE,Jarrett Allen,https://www.scoresandodds.com/prop-bets/37794/jarrett-allen
CLE,Tristan Thompson,https://www.scoresandodds.com/prop-bets/13308/tristan-thompson
CLE,Ty Jerome,https://www.scoresandodds.com/prop-bets/1115624/ty-jerome
CLE,Dean Wade,https://www.scoresandodds.com/prop-bets/1144092/dean-wade
CLE,Isaiah Mobley,https://www.scoresandodds.com/prop-bets/3587752/isaiah-mobley
CLE,Evan Mobley,https://www.scoresandodds.com/prop-bets/3005190/evan-mobley
CLE,Pete Nance,https://www.scoresandodds.com/prop-bets/5244831/pete-nance
CLE,Caris LeVert,https://www.scoresandodds.com/prop-bets/35192/caris-levert
CLE,Emoni Bates,https://www.scoresandodds.com/prop-bets/4878256/emoni-bates
CLE,Max Strus,https://www.scoresandodds.com/prop-bets/1193058/max-strus
CLE,Georges Niang,https://www.scoresandodds.com/prop-bets/35193/georges-niang
DAL,Olivier-Maxence Prosper,https://www.scoresandodds.com/prop-bets/4878275/olivier-maxence-prosper
DAL,Josh Green,https://www.scoresandodds.com/prop-bets/2439366/josh-green
DAL,Brandon Williams,https://www.scoresandodds.com/prop-bets/3267960/brandon-williams
DAL,Luka Doncic,https://www.scoresandodds.com/prop-bets/408971/luka-doncic
DAL,Kyrie Irving,https://www.scoresandodds.com/prop-bets/13334/kyrie-irving
DAL,Dereck Lively,https://www.scoresandodds.com/prop-bets/4878276/dereck-lively-ii
DAL,Richaun Holmes,https://www.scoresandodds.com/prop-bets/18905/richaun-holmes
DAL,Greg Brown,https://www.scoresandodds.com/prop-bets/3005483/greg-brown
DAL,Dante Exum,https://www.scoresandodds.com/prop-bets/18626/dante-exum
DAL,Markieff Morris,https://www.scoresandodds.com/prop-bets/13314/markieff-morris
DAL,Dwight Powell,https://www.scoresandodds.com/prop-bets/18566/dwight-powell
DAL,Maxi Kleber,https://www.scoresandodds.com/prop-bets/37845/maxi-kleber
DAL,Jaden Hardy,https://www.scoresandodds.com/prop-bets/3587932/jaden-hardy
DAL,Tim Hardaway,https://www.scoresandodds.com/prop-bets/16879/tim-hardaway-jr-
DAL,Seth Curry,https://www.scoresandodds.com/prop-bets/16825/seth-curry
DAL,AJ Lawson,https://www.scoresandodds.com/prop-bets/3042011/a-j--lawson
DAL,Grant Williams,https://www.scoresandodds.com/prop-bets/1115110/grant-williams
DAL,Derrick Jones,https://www.scoresandodds.com/prop-bets/36064/derrick-jones-jr-
DEN,Braxton Key,https://www.scoresandodds.com/prop-bets/3288608/braxton-key
DEN,Peyton Watson,https://www.scoresandodds.com/prop-bets/3588036/peyton-watson
DEN,Reggie Jackson,https://www.scoresandodds.com/prop-bets/13352/reggie-jackson
DEN,Jalen Pickett,https://www.scoresandodds.com/prop-bets/4878294/jalen-pickett
DEN,Collin Gillespie,https://www.scoresandodds.com/prop-bets/3583871/collin-gillespie
DEN,Jamal Murray,https://www.scoresandodds.com/prop-bets/35211/jamal-murray
DEN,Zeke Nnaji,https://www.scoresandodds.com/prop-bets/2439457/zeke-nnaji
DEN,Jay Huff,https://www.scoresandodds.com/prop-bets/3028281/jay-huff
DEN,DeAndre Jordan,https://www.scoresandodds.com/prop-bets/1486/deandre-jordan
DEN,Nikola Jokic,https://www.scoresandodds.com/prop-bets/31812/nikola-jokic
DEN,Kentavious Caldwell-Pope,https://www.scoresandodds.com/prop-bets/16869/kentavious-caldwell-pope
DEN,Justin Holiday,https://www.scoresandodds.com/prop-bets/14559/justin-holiday
DEN,Vlatko Cancar,https://www.scoresandodds.com/prop-bets/1312049/vlatko-cancar
DEN,Christian Braun,https://www.scoresandodds.com/prop-bets/3588037/christian-braun
DEN,Julian Strawther,https://www.scoresandodds.com/prop-bets/4878295/julian-strawther
DEN,Michael Porter,https://www.scoresandodds.com/prop-bets/409154/michael-porter-jr-
DEN,Aaron Gordon,https://www.scoresandodds.com/prop-bets/18601/aaron-gordon
DEN,Hunter Tyson,https://www.scoresandodds.com/prop-bets/4878296/hunter-tyson
DET,Kevin Knox,https://www.scoresandodds.com/prop-bets/408820/kevin-knox
DET,Stanley Umude,https://www.scoresandodds.com/prop-bets/3888903/stanley-umude
DET,Alec Burks,https://www.scoresandodds.com/prop-bets/13353/alec-burks
DET,Marcus Sasser,https://www.scoresandodds.com/prop-bets/4878314/marcus-sasser
DET,Monte Morris,https://www.scoresandodds.com/prop-bets/37860/monte-morris
DET,Jaden Ivey,https://www.scoresandodds.com/prop-bets/3587774/jaden-ivey
DET,Cade Cunningham,https://www.scoresandodds.com/prop-bets/3005207/cade-cunningham
DET,Jalen Duren,https://www.scoresandodds.com/prop-bets/3587772/jalen-duren
DET,Killian Hayes,https://www.scoresandodds.com/prop-bets/2439230/killian-hayes
DET,James Wiseman,https://www.scoresandodds.com/prop-bets/2439552/james-wiseman
DET,Mike Muscala,https://www.scoresandodds.com/prop-bets/17379/mike-muscala
DET,Isaiah Stewart,https://www.scoresandodds.com/prop-bets/2439495/isaiah-stewart
DET,Joe Harris,https://www.scoresandodds.com/prop-bets/18587/joe-harris
DET,Jared Rhoden,https://www.scoresandodds.com/prop-bets/3889219/jared-rhoden
DET,Bojan Bogdanovic,https://www.scoresandodds.com/prop-bets/18571/bojan-bogdanovic
DET,Malcolm Cazalon,https://www.scoresandodds.com/prop-bets/4930023/malcolm-cazalon
DET,Danilo Gallinari,https://www.scoresandodds.com/prop-bets/1329/danilo-gallinari
DET,Ausar Thompson,https://www.scoresandodds.com/prop-bets/4874246/ausar-thompson
GS,Gary Payton,https://www.scoresandodds.com/prop-bets/36041/gary-payton-ii
GS,Moses Moody,https://www.scoresandodds.com/prop-bets/3005536/moses-moody
GS,Klay Thompson,https://www.scoresandodds.com/prop-bets/13315/klay-thompson
GS,Lester Quinones,https://www.scoresandodds.com/prop-bets/3583959/lester-quinones
GS,Stephen Curry,https://www.scoresandodds.com/prop-bets/1079/stephen-curry
GS,Usman Garuba,https://www.scoresandodds.com/prop-bets/3006966/usman-garuba
GS,Kevon Looney,https://www.scoresandodds.com/prop-bets/18945/kevon-looney
GS,Trayce Jackson-Davis,https://www.scoresandodds.com/prop-bets/4878333/trayce-jackson-davis
GS,Chris Paul,https://www.scoresandodds.com/prop-bets/1087/chris-paul
GS,Jerome Robinson,https://www.scoresandodds.com/prop-bets/409263/jerome-robinson
GS,Cory Joseph,https://www.scoresandodds.com/prop-bets/13339/cory-joseph
GS,Draymond Green,https://www.scoresandodds.com/prop-bets/13976/draymond-green
GS,Brandin Podziemski,https://www.scoresandodds.com/prop-bets/4878334/brandin-podziemski
GS,Andrew Wiggins,https://www.scoresandodds.com/prop-bets/18620/andrew-wiggins
GS,Gui Santos,https://www.scoresandodds.com/prop-bets/3588138/gui-santos
GS,Dario Saric,https://www.scoresandodds.com/prop-bets/36004/dario-saric
GS,Jonathan Kuminga,https://www.scoresandodds.com/prop-bets/3007111/jonathan-kuminga
HOU,Nate Hinton,https://www.scoresandodds.com/prop-bets/2475614/nate-hinton
HOU,Cam Whitmore,https://www.scoresandodds.com/prop-bets/4878350/cam-whitmore
HOU,Reggie Bullock,https://www.scoresandodds.com/prop-bets/16943/reggie-bullock
HOU,Amen Thompson,https://www.scoresandodds.com/prop-bets/4874279/amen-thompson
HOU,Fred VanVleet,https://www.scoresandodds.com/prop-bets/36011/fred-vanvleet
HOU,Victor Oladipo,https://www.scoresandodds.com/prop-bets/16807/victor-oladipo
HOU,Boban Marjanovic,https://www.scoresandodds.com/prop-bets/31807/boban-marjanovic
HOU,Alperen Sengun,https://www.scoresandodds.com/prop-bets/3006967/alperen-sengun
HOU,Aaron Holiday,https://www.scoresandodds.com/prop-bets/408932/aaron-holiday
HOU,Jock Landale,https://www.scoresandodds.com/prop-bets/3012652/jock-landale
HOU,Jalen Green,https://www.scoresandodds.com/prop-bets/3006968/jalen-green
HOU,Dillon Brooks,https://www.scoresandodds.com/prop-bets/37852/dillon-brooks
HOU,Jermaine Samuels,https://www.scoresandodds.com/prop-bets/5054452/jermaine-samuels
HOU,Jeenathan Williams,https://www.scoresandodds.com/prop-bets/4579356/jeenathan-williams
HOU,Jae'Sean Tate,https://www.scoresandodds.com/prop-bets/2448431/jae-sean-tate
HOU,Tari Eason,https://www.scoresandodds.com/prop-bets/3587949/tari-eason
HOU,Jeff Green,https://www.scoresandodds.com/prop-bets/1314/jeff-green
HOU,Jabari Smith,https://www.scoresandodds.com/prop-bets/3587947/jabari-smith
IND,Aaron Nesmith,https://www.scoresandodds.com/prop-bets/2439096/aaron-nesmith
IND,Kendall Brown,https://www.scoresandodds.com/prop-bets/3587793/kendall-brown
IND,Tyrese Haliburton,https://www.scoresandodds.com/prop-bets/2439613/tyrese-haliburton
IND,Andrew Nembhard,https://www.scoresandodds.com/prop-bets/3587792/andrew-nembhard
IND,Oscar Tshiebwe,https://www.scoresandodds.com/prop-bets/4878369/oscar-tshiebwe
IND,Isaiah Wong,https://www.scoresandodds.com/prop-bets/4878370/isaiah-wong
IND,TJ McConnell,https://www.scoresandodds.com/prop-bets/18956/t-j--mcconnell
IND,Obi Toppin,https://www.scoresandodds.com/prop-bets/2439136/obi-toppin
IND,Jalen Smith,https://www.scoresandodds.com/prop-bets/2439601/jalen-smith
IND,Jarace Walker,https://www.scoresandodds.com/prop-bets/4878371/jarace-walker
IND,Myles Turner,https://www.scoresandodds.com/prop-bets/18915/myles-turner
IND,Bennedict Mathurin,https://www.scoresandodds.com/prop-bets/3587794/bennedict-mathurin
IND,Ben Sheppard,https://www.scoresandodds.com/prop-bets/4878372/ben-sheppard
IND,Buddy Hield,https://www.scoresandodds.com/prop-bets/35206/buddy-hield
IND,Pascal Siakam,https://www.scoresandodds.com/prop-bets/35186/pascal-siakam
IND,Isaiah Jackson,https://www.scoresandodds.com/prop-bets/3005227/isaiah-jackson
LAC,Kobe Brown,https://www.scoresandodds.com/prop-bets/4878392/kobe-brown
LAC,Jordan Miller,https://www.scoresandodds.com/prop-bets/4878391/jordan-miller
LAC,Joshua Primo,https://www.scoresandodds.com/prop-bets/3005433/joshua-primo
LAC,Russell Westbrook,https://www.scoresandodds.com/prop-bets/1083/russell-westbrook
LAC,Xavier Moon,https://www.scoresandodds.com/prop-bets/3269766/xavier-moon
LAC,Terance Mann,https://www.scoresandodds.com/prop-bets/1115590/terance-mann
LAC,Bones Hyland,https://www.scoresandodds.com/prop-bets/3005452/bones-hyland
LAC,James Harden,https://www.scoresandodds.com/prop-bets/1037/james-harden
LAC,Mason Plumlee,https://www.scoresandodds.com/prop-bets/16798/mason-plumlee
LAC,Ivica Zubac,https://www.scoresandodds.com/prop-bets/35226/ivica-zubac
LAC,Daniel Theis,https://www.scoresandodds.com/prop-bets/37784/daniel-theis
LAC,Moussa Diabate,https://www.scoresandodds.com/prop-bets/3588157/moussa-diabate
LAC,Amir Coffey,https://www.scoresandodds.com/prop-bets/1167676/amir-coffey
LAC,Brandon Boston,https://www.scoresandodds.com/prop-bets/3005554/brandon-boston
LAC,Norman Powell,https://www.scoresandodds.com/prop-bets/18908/norman-powell
LAC,PJ Tucker,https://www.scoresandodds.com/prop-bets/13947/p-j--tucker
LAC,Kawhi Leonard,https://www.scoresandodds.com/prop-bets/13310/kawhi-leonard
LAC,Paul George,https://www.scoresandodds.com/prop-bets/1245/paul-george
LAL,Taurean Prince,https://www.scoresandodds.com/prop-bets/35218/taurean-prince
LAL,Jalen Hood-Schifino,https://www.scoresandodds.com/prop-bets/4878410/jalen-hood-schifino
LAL,D'Angelo Russell,https://www.scoresandodds.com/prop-bets/18947/d-angelo-russell
LAL,Skylar Mays,https://www.scoresandodds.com/prop-bets/2439278/skylar-mays
LAL,Austin Reaves,https://www.scoresandodds.com/prop-bets/3012783/austin-reaves
LAL,Gabe Vincent,https://www.scoresandodds.com/prop-bets/574538/gabe-vincent
LAL,Jaxson Hayes,https://www.scoresandodds.com/prop-bets/1115443/jaxson-hayes
LAL,Colin Castleton,https://www.scoresandodds.com/prop-bets/4934367/colin-castleton
LAL,Anthony Davis,https://www.scoresandodds.com/prop-bets/13895/anthony-davis
LAL,Christian Wood,https://www.scoresandodds.com/prop-bets/18961/christian-wood
LAL,Cam Reddish,https://www.scoresandodds.com/prop-bets/1115295/cam-reddish
LAL,Maxwell Lewis,https://www.scoresandodds.com/prop-bets/4878411/maxwell-lewis
LAL,Max Christie,https://www.scoresandodds.com/prop-bets/3588176/max-christie
LAL,Dylan Windler,https://www.scoresandodds.com/prop-bets/1115223/dylan-windler
LAL,Rui Hachimura,https://www.scoresandodds.com/prop-bets/1115368/rui-hachimura
LAL,LeBron James,https://www.scoresandodds.com/prop-bets/1227/lebron-james
LAL,Jarred Vanderbilt,https://www.scoresandodds.com/prop-bets/409024/jarred-vanderbilt
MEM,Matt Hurt,https://www.scoresandodds.com/prop-bets/3022526/matt-hurt
MEM,Vince Williams,https://www.scoresandodds.com/prop-bets/3587970/vince-williams
MEM,Marcus Smart,https://www.scoresandodds.com/prop-bets/18567/marcus-smart
MEM,Desmond Bane,https://www.scoresandodds.com/prop-bets/2439095/desmond-bane
MEM,Ja Morant,https://www.scoresandodds.com/prop-bets/1115421/ja-morant
MEM,John Konchar,https://www.scoresandodds.com/prop-bets/1158073/john-konchar
MEM,Scotty Pippen,https://www.scoresandodds.com/prop-bets/3583997/scotty-pippen-jr-
MEM,Jaylen Nowell,https://www.scoresandodds.com/prop-bets/1115501/jaylen-nowell
MEM,Derrick Rose,https://www.scoresandodds.com/prop-bets/1086/derrick-rose
MEM,Steven Adams,https://www.scoresandodds.com/prop-bets/16848/steven-adams
MEM,Jacob Gilyard,https://www.scoresandodds.com/prop-bets/3889022/jacob-gilyard
MEM,Brandon Clarke,https://www.scoresandodds.com/prop-bets/1115422/brandon-clarke
MEM,Santi Aldama,https://www.scoresandodds.com/prop-bets/3005397/santi-aldama
MEM,Jaren Jackson,https://www.scoresandodds.com/prop-bets/409099/jaren-jackson
MEM,Xavier Tillman,https://www.scoresandodds.com/prop-bets/2439402/xavier-tillman-sr-
MEM,Luke Kennard,https://www.scoresandodds.com/prop-bets/37814/luke-kennard
MEM,David Roddy,https://www.scoresandodds.com/prop-bets/3587971/david-roddy
MEM,Jake LaRavia,https://www.scoresandodds.com/prop-bets/3587973/jake-laravia
MEM,Ziaire Williams,https://www.scoresandodds.com/prop-bets/3005396/ziaire-williams
MEM,Gregory Jackson,https://www.scoresandodds.com/prop-bets/4878429/gregory-jackson
MIA,Jamal Cain,https://www.scoresandodds.com/prop-bets/3889043/jamal-cain
MIA,Terry Rozier,https://www.scoresandodds.com/prop-bets/18894/terry-rozier
MIA,Tyler Herro,https://www.scoresandodds.com/prop-bets/1115334/tyler-herro
MIA,RJ Hampton,https://www.scoresandodds.com/prop-bets/2439263/r-j--hampton
MIA,Haywood Highsmith,https://www.scoresandodds.com/prop-bets/750372/haywood-highsmith
MIA,Bam Adebayo,https://www.scoresandodds.com/prop-bets/37835/bam-adebayo
MIA,Orlando Robinson,https://www.scoresandodds.com/prop-bets/3583728/orlando-robinson
MIA,Thomas Bryant,https://www.scoresandodds.com/prop-bets/37884/thomas-bryant
MIA,Kevin Love,https://www.scoresandodds.com/prop-bets/1347/kevin-love
MIA,Nikola Jovic,https://www.scoresandodds.com/prop-bets/3587871/nikola-jovic
MIA,Jaime Jaquez,https://www.scoresandodds.com/prop-bets/4878449/jaime-jaquez
MIA,Josh Richardson,https://www.scoresandodds.com/prop-bets/18922/josh-richardson
MIA,Jimmy Butler,https://www.scoresandodds.com/prop-bets/13327/jimmy-butler
MIA,Dru Smith,https://www.scoresandodds.com/prop-bets/3080547/dru-smith
MIA,Duncan Robinson,https://www.scoresandodds.com/prop-bets/555145/duncan-robinson
MIA,Cole Swider,https://www.scoresandodds.com/prop-bets/3583996/cole-swider
MIA,Caleb Martin,https://www.scoresandodds.com/prop-bets/1203483/caleb-martin
MIL,Jae Crowder,https://www.scoresandodds.com/prop-bets/13942/jae-crowder
MIL,MarJon Beauchamp,https://www.scoresandodds.com/prop-bets/3587813/marjon-beauchamp
MIL,Cameron Payne,https://www.scoresandodds.com/prop-bets/18941/cameron-payne
MIL,Damian Lillard,https://www.scoresandodds.com/prop-bets/13900/damian-lillard
MIL,TyTy Washington,https://www.scoresandodds.com/prop-bets/3587948/tyty-washington
MIL,Malik Beasley,https://www.scoresandodds.com/prop-bets/35213/malik-beasley
MIL,Robin Lopez,https://www.scoresandodds.com/prop-bets/1466/robin-lopez
MIL,Andre Jackson,https://www.scoresandodds.com/prop-bets/4878469/andre-jackson
MIL,Brook Lopez,https://www.scoresandodds.com/prop-bets/1498/brook-lopez
MIL,Bobby Portis,https://www.scoresandodds.com/prop-bets/18909/bobby-portis
MIL,Khris Middleton,https://www.scoresandodds.com/prop-bets/13990/khris-middleton
MIL,AJ Green,https://www.scoresandodds.com/prop-bets/3583672/aj-green
MIL,Pat Connaughton,https://www.scoresandodds.com/prop-bets/18939/pat-connaughton
MIL,Chris Livingston,https://www.scoresandodds.com/prop-bets/4878468/chris-livingston
MIL,Thanasis Antetokounmpo,https://www.scoresandodds.com/prop-bets/31759/thanasis-antetokounmpo
MIL,Giannis Antetokounmpo,https://www.scoresandodds.com/prop-bets/16852/giannis-antetokounmpo
MIN,Troy Brown,https://www.scoresandodds.com/prop-bets/409043/troy-brown-jr-
MIN,Josh Minott,https://www.scoresandodds.com/prop-bets/3588057/josh-minott
MIN,Jaylen Clark,https://www.scoresandodds.com/prop-bets/4878487/jaylen-clark
MIN,Shake Milton,https://www.scoresandodds.com/prop-bets/409061/shake-milton
MIN,Nickeil Alexander-Walker,https://www.scoresandodds.com/prop-bets/1115445/nickeil-alexander-walker
MIN,Wendell Moore,https://www.scoresandodds.com/prop-bets/3588058/wendell-moore
MIN,Rudy Gobert,https://www.scoresandodds.com/prop-bets/16935/rudy-gobert
MIN,Luka Garza,https://www.scoresandodds.com/prop-bets/3005208/luka-garza
MIN,Daishen Nix,https://www.scoresandodds.com/prop-bets/3052678/daishen-nix
MIN,Jordan McLaughlin,https://www.scoresandodds.com/prop-bets/554932/jordan-mclaughlin
MIN,Mike Conley,https://www.scoresandodds.com/prop-bets/1062/mike-conley
MIN,Karl-Anthony Towns,https://www.scoresandodds.com/prop-bets/18937/karl-anthony-towns
MIN,Naz Reid,https://www.scoresandodds.com/prop-bets/1151038/naz-reid
MIN,Anthony Edwards,https://www.scoresandodds.com/prop-bets/2439478/anthony-edwards
MIN,Jaden McDaniels,https://www.scoresandodds.com/prop-bets/2439585/jaden-mcdaniels
MIN,Leonard Miller,https://www.scoresandodds.com/prop-bets/4874401/leonard-miller
MIN,Kyle Anderson,https://www.scoresandodds.com/prop-bets/18615/kyle-anderson
NO,Herbert Jones,https://www.scoresandodds.com/prop-bets/3005417/herbert-jones
NO,Dereon Seabron,https://www.scoresandodds.com/prop-bets/3583836/dereon-seabron
NO,Dyson Daniels,https://www.scoresandodds.com/prop-bets/3587993/dyson-daniels
NO,Cody Zeller,https://www.scoresandodds.com/prop-bets/16836/cody-zeller
NO,Jonas Valanciunas,https://www.scoresandodds.com/prop-bets/13301/jonas-valanciunas
NO,EJ Liddell,https://www.scoresandodds.com/prop-bets/3587995/e-j--liddell
NO,Jose Alvarado,https://www.scoresandodds.com/prop-bets/3015773/jose-alvarado
NO,Larry Nance,https://www.scoresandodds.com/prop-bets/18946/larry-nance-jr-
NO,Zion Williamson,https://www.scoresandodds.com/prop-bets/1115444/zion-williamson
NO,Jeremiah Robinson-Earl,https://www.scoresandodds.com/prop-bets/3005500/jeremiah-robinson-earl
NO,Brandon Ingram,https://www.scoresandodds.com/prop-bets/35227/brandon-ingram
NO,CJ McCollum,https://www.scoresandodds.com/prop-bets/17121/cj-mccollum
NO,Jordan Hawkins,https://www.scoresandodds.com/prop-bets/4878506/jordan-hawkins
NO,Matt Ryan,https://www.scoresandodds.com/prop-bets/3110938/matt-ryan
NO,Trey Murphy,https://www.scoresandodds.com/prop-bets/3005416/trey-murphy
NO,Naji Marshall,https://www.scoresandodds.com/prop-bets/2484012/naji-marshall
NY,Quentin Grimes,https://www.scoresandodds.com/prop-bets/3005116/quentin-grimes
NY,Charlie Brown,https://www.scoresandodds.com/prop-bets/1311861/charlie-brown
NY,OG Anunoby,https://www.scoresandodds.com/prop-bets/37807/og-anunoby
NY,Josh Hart,https://www.scoresandodds.com/prop-bets/37889/josh-hart
NY,Jaylen Martin,https://www.scoresandodds.com/prop-bets/4878525/jaylen-martin
NY,Donte DiVincenzo,https://www.scoresandodds.com/prop-bets/408950/donte-divincenzo
NY,Jalen Brunson,https://www.scoresandodds.com/prop-bets/409062/jalen-brunson
NY,Miles McBride,https://www.scoresandodds.com/prop-bets/3005114/miles-mcbride
NY,Duane Washington,https://www.scoresandodds.com/prop-bets/3015595/duane-washington
NY,Jericho Sims,https://www.scoresandodds.com/prop-bets/3005115/jericho-sims
NY,Mitchell Robinson,https://www.scoresandodds.com/prop-bets/408821/mitchell-robinson
NY,Ryan Arcidiacono,https://www.scoresandodds.com/prop-bets/36050/ryan-arcidiacono
NY,Malachi Flynn,https://www.scoresandodds.com/prop-bets/2439172/malachi-flynn
NY,Precious Achiuwa,https://www.scoresandodds.com/prop-bets/2439312/precious-achiuwa
NY,Julius Randle,https://www.scoresandodds.com/prop-bets/18632/julius-randle
NY,Isaiah Hartenstein,https://www.scoresandodds.com/prop-bets/570142/isaiah-hartenstein
NY,Evan Fournier,https://www.scoresandodds.com/prop-bets/13913/evan-fournier
NY,Jacob Toppin,https://www.scoresandodds.com/prop-bets/4878524/jacob-toppin
OKC,Ousmane Dieng,https://www.scoresandodds.com/prop-bets/3588099/ousmane-dieng
OKC,Davis Bertans,https://www.scoresandodds.com/prop-bets/36051/davis-bertans
OKC,Luguentz Dort,https://www.scoresandodds.com/prop-bets/1153418/lu-dort
OKC,Isaiah Joe,https://www.scoresandodds.com/prop-bets/2439149/isaiah-joe
OKC,Shai Gilgeous-Alexander,https://www.scoresandodds.com/prop-bets/408990/shai-gilgeous-alexander
OKC,Josh Giddey,https://www.scoresandodds.com/prop-bets/3007077/josh-giddey
OKC,Olivier Sarr,https://www.scoresandodds.com/prop-bets/3275825/olivier-sarr
OKC,Cason Wallace,https://www.scoresandodds.com/prop-bets/4878543/cason-wallace
OKC,Tre Mann,https://www.scoresandodds.com/prop-bets/3005499/tre-mann
OKC,Vasilije Micic,https://www.scoresandodds.com/prop-bets/4912341/vasilije-micic
OKC,Aleksej Pokusevski,https://www.scoresandodds.com/prop-bets/2439475/aleksej-pokusevski
OKC,Jaylin Williams,https://www.scoresandodds.com/prop-bets/3588097/jaylin-williams
OKC,Chet Holmgren,https://www.scoresandodds.com/prop-bets/3588100/chet-holmgren
OKC,Keyontae Johnson,https://www.scoresandodds.com/prop-bets/4878544/keyontae-johnson
OKC,Jalen Williams,https://www.scoresandodds.com/prop-bets/3588098/jalen-williams
OKC,Lindy Waters,https://www.scoresandodds.com/prop-bets/3350175/lindy-waters
OKC,Aaron Wiggins,https://www.scoresandodds.com/prop-bets/3005501/aaron-wiggins
OKC,Kenrich Williams,https://www.scoresandodds.com/prop-bets/570179/kenrich-williams
ORL,Admiral Schofield,https://www.scoresandodds.com/prop-bets/1115369/admiral-schofield
ORL,Gary Harris,https://www.scoresandodds.com/prop-bets/18617/gary-harris
ORL,Markelle Fultz,https://www.scoresandodds.com/prop-bets/37801/markelle-fultz
ORL,Cole Anthony,https://www.scoresandodds.com/prop-bets/2439330/cole-anthony
ORL,Anthony Black,https://www.scoresandodds.com/prop-bets/4878564/anthony-black
ORL,Jalen Suggs,https://www.scoresandodds.com/prop-bets/3005320/jalen-suggs
ORL,Wendell Carter,https://www.scoresandodds.com/prop-bets/408878/wendell-carter-jr-
ORL,Moritz Wagner,https://www.scoresandodds.com/prop-bets/409281/moe-wagner
ORL,Goga Bitadze,https://www.scoresandodds.com/prop-bets/1115261/goga-bitadze
ORL,Trevelin Queen,https://www.scoresandodds.com/prop-bets/2439385/trevelin-queen
ORL,Franz Wagner,https://www.scoresandodds.com/prop-bets/3005319/franz-wagner
ORL,Jett Howard,https://www.scoresandodds.com/prop-bets/4878563/jett-howard
ORL,Kevon Harris,https://www.scoresandodds.com/prop-bets/2484186/kevon-harris
ORL,Joe Ingles,https://www.scoresandodds.com/prop-bets/18627/joe-ingles
ORL,Caleb Houstan,https://www.scoresandodds.com/prop-bets/3587895/caleb-houstan
ORL,Paolo Banchero,https://www.scoresandodds.com/prop-bets/3587894/paolo-banchero
ORL,Jonathan Isaac,https://www.scoresandodds.com/prop-bets/37841/jonathan-isaac
ORL,Chuma Okeke,https://www.scoresandodds.com/prop-bets/1115350/chuma-okeke
PHI,Marcus Morris,https://www.scoresandodds.com/prop-bets/13316/marcus-morris
PHI,Danuel House,https://www.scoresandodds.com/prop-bets/36029/danuel-house-jr-
PHI,Jaden Springer,https://www.scoresandodds.com/prop-bets/3005135/jaden-springer
PHI,Ricky Council,https://www.scoresandodds.com/prop-bets/4878583/ricky-council-iv
PHI,Nicolas Batum,https://www.scoresandodds.com/prop-bets/1315/nicolas-batum
PHI,Robert Covington,https://www.scoresandodds.com/prop-bets/16874/robert-covington
PHI,Tyrese Maxey,https://www.scoresandodds.com/prop-bets/2439150/tyrese-maxey
PHI,De'Anthony Melton,https://www.scoresandodds.com/prop-bets/409081/de-anthony-melton
PHI,Mo Bamba,https://www.scoresandodds.com/prop-bets/409026/mo-bamba
PHI,Paul Reed,https://www.scoresandodds.com/prop-bets/2439153/paul-reed
PHI,Patrick Beverley,https://www.scoresandodds.com/prop-bets/14108/patrick-beverley
PHI,Joel Embiid,https://www.scoresandodds.com/prop-bets/18578/joel-embiid
PHI,Kenneth Lofton,https://www.scoresandodds.com/prop-bets/3583817/kenneth-lofton-jr-
PHI,Kelly Oubre,https://www.scoresandodds.com/prop-bets/18925/kelly-oubre
PHI,Terquavion Smith,https://www.scoresandodds.com/prop-bets/4878582/terquavion-smith
PHI,Furkan Korkmaz,https://www.scoresandodds.com/prop-bets/35185/furkan-korkmaz
PHI,Tobias Harris,https://www.scoresandodds.com/prop-bets/13332/tobias-harris
PHI,Kenyon Martin,https://www.scoresandodds.com/prop-bets/2439615/kj-martin
PHO,Yuta Watanabe,https://www.scoresandodds.com/prop-bets/570161/yuta-watanabe
PHO,Nassir Little,https://www.scoresandodds.com/prop-bets/1115519/nassir-little
PHO,Saben Lee,https://www.scoresandodds.com/prop-bets/2439533/saben-lee
PHO,Damion Lee,https://www.scoresandodds.com/prop-bets/35995/damion-lee
PHO,Udoka Azubuike,https://www.scoresandodds.com/prop-bets/2439534/udoka-azubuike
PHO,Jusuf Nurkic,https://www.scoresandodds.com/prop-bets/18619/jusuf-nurkic
PHO,Chimezie Metu,https://www.scoresandodds.com/prop-bets/409136/chimezie-metu
PHO,Jordan Goodwin,https://www.scoresandodds.com/prop-bets/3045288/jordan-goodwin
PHO,Theo Maledon,https://www.scoresandodds.com/prop-bets/2439151/theo-maledon
PHO,Drew Eubanks,https://www.scoresandodds.com/prop-bets/570198/drew-eubanks
PHO,Bol Bol,https://www.scoresandodds.com/prop-bets/1115482/bol-bol
PHO,Devin Booker,https://www.scoresandodds.com/prop-bets/18949/devin-booker
PHO,Bradley Beal,https://www.scoresandodds.com/prop-bets/13898/bradley-beal
PHO,Eric Gordon,https://www.scoresandodds.com/prop-bets/1077/eric-gordon
PHO,Grayson Allen,https://www.scoresandodds.com/prop-bets/409227/grayson-allen
PHO,Josh Okogie,https://www.scoresandodds.com/prop-bets/409174/josh-okogie
PHO,Kevin Durant,https://www.scoresandodds.com/prop-bets/1348/kevin-durant
PHO,Keita Bates-Diop,https://www.scoresandodds.com/prop-bets/409175/keita-bates-diop
POR,Matisse Thybulle,https://www.scoresandodds.com/prop-bets/1115169/matisse-thybulle
POR,Anfernee Simons,https://www.scoresandodds.com/prop-bets/409191/anfernee-simons
POR,Malcolm Brogdon,https://www.scoresandodds.com/prop-bets/35195/malcolm-brogdon
POR,Scoot Henderson,https://www.scoresandodds.com/prop-bets/4874522/scoot-henderson
POR,Robert Williams,https://www.scoresandodds.com/prop-bets/408780/robert-williams-iii
POR,Deandre Ayton,https://www.scoresandodds.com/prop-bets/409301/deandre-ayton
POR,Moses Brown,https://www.scoresandodds.com/prop-bets/1312086/moses-brown
POR,Ibou Badji,https://www.scoresandodds.com/prop-bets/4579357/ibou-badji
POR,Duop Reath,https://www.scoresandodds.com/prop-bets/5236297/duop-reath
POR,Shaedon Sharpe,https://www.scoresandodds.com/prop-bets/3588077/shaedon-sharpe
POR,Justin Minaya,https://www.scoresandodds.com/prop-bets/4579355/justin-minaya
POR,Rayan Rupert,https://www.scoresandodds.com/prop-bets/4874521/rayan-rupert
POR,Jabari Walker,https://www.scoresandodds.com/prop-bets/3588078/jabari-walker
POR,Taze Moore,https://www.scoresandodds.com/prop-bets/5392502/taze-moore
POR,Toumani Camara,https://www.scoresandodds.com/prop-bets/4878601/toumani-camara
POR,Jerami Grant,https://www.scoresandodds.com/prop-bets/18576/jerami-grant
POR,Kris Murray,https://www.scoresandodds.com/prop-bets/4878619/kris-murray
SAC,Keon Ellis,https://www.scoresandodds.com/prop-bets/3584031/keon-ellis
SAC,Colby Jones,https://www.scoresandodds.com/prop-bets/4878643/colby-jones
SAC,Malik Monk,https://www.scoresandodds.com/prop-bets/37827/malik-monk
SAC,De'Aaron Fox,https://www.scoresandodds.com/prop-bets/37900/de-aaron-fox
SAC,Jordan Ford,https://www.scoresandodds.com/prop-bets/2484166/jordan-ford
SAC,Davion Mitchell,https://www.scoresandodds.com/prop-bets/3005605/davion-mitchell
SAC,Alex Len,https://www.scoresandodds.com/prop-bets/16886/alex-len
SAC,JaVale McGee,https://www.scoresandodds.com/prop-bets/1485/javale-mcgee
SAC,Domantas Sabonis,https://www.scoresandodds.com/prop-bets/35217/domantas-sabonis
SAC,Chris Duarte,https://www.scoresandodds.com/prop-bets/3005228/chris-duarte
SAC,Keegan Murray,https://www.scoresandodds.com/prop-bets/3588213/keegan-murray
SAC,Kevin Huerter,https://www.scoresandodds.com/prop-bets/408969/kevin-huerter
SAC,Juan Toscano-Anderson,https://www.scoresandodds.com/prop-bets/1333886/juan-toscano-anderson
SAC,Sasha Vezenkov,https://www.scoresandodds.com/prop-bets/4912426/sasha-vezenkov
SAC,Kessler Edwards,https://www.scoresandodds.com/prop-bets/3005096/kessler-edwards
SAC,Trey Lyles,https://www.scoresandodds.com/prop-bets/18942/trey-lyles
SAC,Harrison Barnes,https://www.scoresandodds.com/prop-bets/13901/harrison-barnes
SAC,Jalen Slawson,https://www.scoresandodds.com/prop-bets/4878642/jalen-slawson
SA,David Duke,https://www.scoresandodds.com/prop-bets/3090491/david-duke
SA,Cedi Osman,https://www.scoresandodds.com/prop-bets/18912/cedi-osman
SA,Sidy Cissoko,https://www.scoresandodds.com/prop-bets/4874560/sidy-cissoko
SA,Julian Champagnie,https://www.scoresandodds.com/prop-bets/3597312/julian-champagnie
SA,Malaki Branham,https://www.scoresandodds.com/prop-bets/3588017/malaki-branham
SA,Devonte' Graham,https://www.scoresandodds.com/prop-bets/408968/devonte-graham
SA,Mamadi Diakite,https://www.scoresandodds.com/prop-bets/2455263/mamadi-diakite
SA,Sandro Mamukelashvili,https://www.scoresandodds.com/prop-bets/3005245/sandro-mamukelashvili
SA,Dominick Barlow,https://www.scoresandodds.com/prop-bets/3591251/dominick-barlow
SA,Tre Jones,https://www.scoresandodds.com/prop-bets/2439441/tre-jones
SA,Zach Collins,https://www.scoresandodds.com/prop-bets/37866/zach-collins
SA,Charles Bassey,https://www.scoresandodds.com/prop-bets/3005136/charles-bassey
SA,Victor Wembanyama,https://www.scoresandodds.com/prop-bets/4874559/victor-wembanyama
SA,Devin Vassell,https://www.scoresandodds.com/prop-bets/2439442/devin-vassell
SA,Blake Wesley,https://www.scoresandodds.com/prop-bets/3588015/blake-wesley
SA,Doug McDermott,https://www.scoresandodds.com/prop-bets/18583/doug-mcdermott
SA,Jeremy Sochan,https://www.scoresandodds.com/prop-bets/3588016/jeremy-sochan
SA,Keldon Johnson,https://www.scoresandodds.com/prop-bets/1115463/keldon-johnson
TOR,Otto Porter,https://www.scoresandodds.com/prop-bets/17069/otto-porter-jr-
TOR,Javon Freeman-Liberty,https://www.scoresandodds.com/prop-bets/3609589/javon-freeman-liberty
TOR,Markquis Nowell,https://www.scoresandodds.com/prop-bets/4878680/markquis-nowell
TOR,Dennis Schroder,https://www.scoresandodds.com/prop-bets/18595/dennis-schroder
TOR,Kira Lewis,https://www.scoresandodds.com/prop-bets/2439421/kira-lewis-jr-
TOR,Immanuel Quickley,https://www.scoresandodds.com/prop-bets/2439514/immanuel-quickley
TOR,Jontay Porter,https://www.scoresandodds.com/prop-bets/1725315/jontay-porter
TOR,Jakob Poeltl,https://www.scoresandodds.com/prop-bets/35187/jakob-poeltl
TOR,Chris Boucher,https://www.scoresandodds.com/prop-bets/37880/chris-boucher
TOR,Bruce Brown,https://www.scoresandodds.com/prop-bets/408913/bruce-brown
TOR,RJ Barrett,https://www.scoresandodds.com/prop-bets/1115150/rj-barrett
TOR,Gradey Dick,https://www.scoresandodds.com/prop-bets/4878681/gradey-dick
TOR,Garrett Temple,https://www.scoresandodds.com/prop-bets/14077/garrett-temple
TOR,Gary Trent,https://www.scoresandodds.com/prop-bets/409320/gary-trent-jr-
TOR,Jalen McDaniels,https://www.scoresandodds.com/prop-bets/1115313/jalen-mcdaniels
TOR,Jordan Nwora,https://www.scoresandodds.com/prop-bets/2439264/jordan-nwora
TOR,Thaddeus Young,https://www.scoresandodds.com/prop-bets/1289/thaddeus-young
TOR,Scottie Barnes,https://www.scoresandodds.com/prop-bets/3005154/scottie-barnes
UTA,Collin Sexton,https://www.scoresandodds.com/prop-bets/408896/collin-sexton
UTA,Talen Horton-Tucker,https://www.scoresandodds.com/prop-bets/1115608/talen-horton-tucker
UTA,Kris Dunn,https://www.scoresandodds.com/prop-bets/35215/kris-dunn
UTA,Omer Yurtseven,https://www.scoresandodds.com/prop-bets/2439513/omer-yurtseven
UTA,Jason Preston,https://www.scoresandodds.com/prop-bets/3005556/jason-preston
UTA,Micah Potter,https://www.scoresandodds.com/prop-bets/3080545/micah-potter
UTA,Kelly Olynyk,https://www.scoresandodds.com/prop-bets/16845/kelly-olynyk
UTA,John Collins,https://www.scoresandodds.com/prop-bets/37823/john-collins
UTA,Luka Samanic,https://www.scoresandodds.com/prop-bets/1131586/luka-samanic
UTA,Walker Kessler,https://www.scoresandodds.com/prop-bets/3588056/walker-kessler
UTA,Taylor Hendricks,https://www.scoresandodds.com/prop-bets/4878700/taylor-hendricks
UTA,Jordan Clarkson,https://www.scoresandodds.com/prop-bets/18631/jordan-clarkson
UTA,Ochai Agbaji,https://www.scoresandodds.com/prop-bets/3587751/ochai-agbaji
UTA,Johnny Juzang,https://www.scoresandodds.com/prop-bets/3583942/johnny-juzang
UTA,Brice Sensabaugh,https://www.scoresandodds.com/prop-bets/4878701/brice-sensabaugh
UTA,Keyonte George,https://www.scoresandodds.com/prop-bets/4878702/keyonte-george
UTA,Simone Fontecchio,https://www.scoresandodds.com/prop-bets/3622168/simone-fontecchio
UTA,Lauri Markkanen,https://www.scoresandodds.com/prop-bets/37809/lauri-markkanen
WAS,Bilal Coulibaly,https://www.scoresandodds.com/prop-bets/4874612/bilal-coulibaly
WAS,Jules Bernard,https://www.scoresandodds.com/prop-bets/3888902/jules-bernard
WAS,Isaiah Livers,https://www.scoresandodds.com/prop-bets/3005210/isaiah-livers
WAS,Jared Butler,https://www.scoresandodds.com/prop-bets/3005518/jared-butler
WAS,Delon Wright,https://www.scoresandodds.com/prop-bets/18907/delon-wright
WAS,Johnny Davis,https://www.scoresandodds.com/prop-bets/3587915/johnny-davis
WAS,Jordan Poole,https://www.scoresandodds.com/prop-bets/1115568/jordan-poole
WAS,Trey Jemison,https://www.scoresandodds.com/prop-bets/5367525/trey-jemison
WAS,Daniel Gafford,https://www.scoresandodds.com/prop-bets/1115204/daniel-gafford
WAS,Tyus Jones,https://www.scoresandodds.com/prop-bets/18938/tyus-jones
WAS,Marvin Bagley,https://www.scoresandodds.com/prop-bets/409321/marvin-bagley-iii
WAS,Hamidou Diallo,https://www.scoresandodds.com/prop-bets/408800/hamidou-diallo
WAS,Landry Shamet,https://www.scoresandodds.com/prop-bets/408841/landry-shamet
WAS,Corey Kispert,https://www.scoresandodds.com/prop-bets/3005340/corey-kispert
WAS,Anthony Gill,https://www.scoresandodds.com/prop-bets/2442381/anthony-gill
WAS,Deni Avdija,https://www.scoresandodds.com/prop-bets/2439346/deni-avdija
WAS,Patrick Baldwin,https://www.scoresandodds.com/prop-bets/3588136/patrick-baldwin-jr-
WAS,Eugene Omoruyi,https://www.scoresandodds.com/prop-bets/3033123/eugene-omoruyi
WAS,Kyle Kuzma,https://www.scoresandodds.com/prop-bets/37886/kyle-kuzma
